1488394010.15::@ohtashhh all these pictures of u &amp; ur bunnies make me so happy i love it \u2639\ufe0f\ud83d\ude0d","display_text_range":[10,81],"source":"\u003ca href=\"http:\/\/twitter.com\/download\/iphone\" rel=\"nofollow\"\u003eTwitter for iPhone\u003c\/a\u003e","truncated":false,"in_reply_to_status_id":832323284020686848,"in_reply_to_status_id_str":"832323284020686848","in_reply_to_user_id":2327072911,"in_reply_to_user_id_str":"2327072911","in_reply_to_screen_name":"ohtashhh","user":{"id":773364571297812480,"id_str":"773364571297812480","name":"Kate","screen_name":"katlynhuntley","location":"Carthage, MO","url":null,"description":null,"protected":false,"verified":false,"followers_count":255,"friends_count":216,"listed_count":0,"favourites_count":3361,"statuses_count":654,"created_at":"Wed Sep 07 03:37:37 +0000 2016","utc_offset":null,"time_zone":null,"geo_enabled":false,"lang":"en","contributors_enabled":false,"is_translator":false,"profile_background_color":"F5F8FA","profile_background_image_url":"","profile_background_image_url_https":"","profile_background_tile":false,"profile_link_color":"1DA1F2","profile_sidebar_border_color":"C0DEED","profile_sidebar_fill_color":"DDEEF6","profile_text_color":"333333","profile_use_background_image":true,"profile_image_url":"http:\/\/pbs.twimg.com\/profile_images\/832633070310141957\/ksVcTK-6_normal.jpg","profile_image_url_https":"https:\/\/pbs.twimg.com\/profile_images\/832633070310141957\/ksVcTK-6_normal.jpg","profile_banner_url":"https:\/\/pbs.twimg.com\/profile_banners\/773364571297812480\/1488064541","default_profile":true,"default_profile_image":false,"following":null,"follow_request_sent":null,"notifications":null},"geo":null,"coordinates":null,"place":null,"contributors":null,"is_quote_status":false,"retweet_count":0,"favorite_count":0,"entities":{"hashtags":[],"urls":[],"user_mentions":[{"screen_name":"ohtashhh","name":"\u2122","id":2327072911,"id_str":"2327072911","indices":[0,9]}],"symbols":[]},"favorited":false,"retweeted":false,"filter_level":"low","lang":"en","timestamp_ms":"1488394013750"}

1488394010.29::Happy birthday Elvis \ud83d\udc99 we all miss you
1488394010.7::RT @BieberFanAlan: @pattiemallette @justinbieber Happy birthday my love \u2665\ufe0f @justinbieber #HappyBirthdayJustinBieber https:\/\/t.co\/sZmWom4jQz
1488394010.76::RT @AndyRichter: Abusive Stepdad in Good Mood Last Night; Household Cautiously Optimistic. \"Maybe we can be a happy family,\" Says One of th\u2026
1488394011.05::RT @stoop_kidz: Happy March (madness) y'all! \ud83d\udd25 https:\/\/t.co\/MmSGjLpEDI
1488394011.17::RT @Cubs: Sure as God made green apples ...\n\nHappy birthday, Harry Caray! https:\/\/t.co\/tIqsQtC8YF
1488394011.39::RT @SpookyClowns: When you are living a happy positive life and you spot negativity \nhttps:\/\/t.co\/FxPvxCdozg
1488394011.4::Roger daltrey - Giving it all away live HD\nHappy birthday to this god  https:\/\/t.co\/nDYgAktIq7
1488394011.53::RT @Bkstg: Happy Birthday @justinbieber! Share your fave pics of @Usher &amp; Justin's friendship from over the years \ud83d\udcf8 #JB23\u2026 
1488394011.58::RT @awhitetable: Happy birthday to my favourite actor Roger Daltrey from your Unkle Ken X @CalixteStamp @TheWho @lambertstampmov https:\/\/t.\u2026
1488394011.65::RT @theknocks: Happy bday to the guy @justinbieber - forever grateful for what he did for us this past year \u2764
1488394011.68::RT @ArianaGrande: happy birthday to a brilliant, beautiful and courageous queen! I love you and all that you stand for. thank you. https:\/\/\u2026
1488394011.71::RT @mainedcrm: Yay! Birthday pala ngayon ng poging poging kuya namin sa MG! Hihi Happy Birthday po kuya @jaysondmx! \ud83d\ude0a\n\n#ALDUB85thWeeksary
1488394011.76::RT @ofcaldub_AKLAN: Happy #ALDUB85thWeeksary ADN!\n@officialaldub16 @ALDUBARKADS @Aldub_ChibaJP @ofcaldub_malay @ofcaldub_LAcali\u2026 
1488394011.83::RT @imWaavey: So annoying when ppl r like \"ur always laughing\" \"U laugh at everything\" \"It's not that funny\" like OK sorry I'm a happy pers\u2026
1488394011.99::RT @bnp: LIKE &amp; SHARE it's St David's Day https:\/\/t.co\/lFSQIryxbu https:\/\/t.co\/HhpS2LBFLF
1488394012.03::@120Sports Happy Birthday to the one and only. @justinbieber  #HappyBirthdayJustinBieber https:\/\/t.co\/4LpTft75J5","display_text_range":[11,112],"source":"\u003ca href=\"http:\/\/twitter.com\/download\/iphone\" rel=\"nofollow\"\u003eTwitter for iPhone\u003c\/a\u003e","truncated":false,"in_reply_to_status_id":837004035026796557,"in_reply_to_status_id_str":"837004035026796557","in_reply_to_user_id":1465241041,"in_reply_to_user_id_str":"1465241041","in_reply_to_screen_name":"120Sports","user":{"id":808915629835223040,"id_str":"808915629835223040","name":"\u3164\u3164\u3164Justin Bieber Fan","screen_name":"BieberFanAlan","location":" New York City, NY, USA","url":"http:\/\/justinbiebermusic.com","description":"Justin Bieber is an honest and forthright person. He has a great heart, respect him. I will always be there for him. Supporting @justinbieber since 2009.","protected":false,"verified":false,"followers_count":376460,"friends_count":99,"listed_count":88,"favourites_count":80839,"statuses_count":86424,"created_at":"Wed Dec 14 06:04:49 +0000 2016","utc_offset":-28800,"time_zone":"Pacific Time (US & Canada)","geo_enabled":true,"lang":"en","contributors_enabled":false,"is_translator":false,"profile_background_color":"F5F8FA","profile_background_image_url":"","profile_background_image_url_https":"","profile_background_tile":false,"profile_link_color":"1DA1F2","profile_sidebar_border_color":"C0DEED","profile_sidebar_fill_color":"DDEEF6","profile_text_color":"333333","profile_use_background_image":true,"profile_image_url":"http:\/\/pbs.twimg.com\/profile_images\/830453663055433728\/EAnfq1pt_normal.jpg","profile_image_url_https":"https:\/\/pbs.twimg.com\/profile_images\/830453663055433728\/EAnfq1pt_normal.jpg","profile_banner_url":"https:\/\/pbs.twimg.com\/profile_banners\/808915629835223040\/1486963356","default_profile":true,"default_profile_image":false,"following":null,"follow_request_sent":null,"notifications":null},"geo":null,"coordinates":null,"place":null,"contributors":null,"is_quote_status":false,"retweet_count":0,"favorite_count":0,"entities":{"hashtags":[{"text":"HappyBirthdayJustinBieber","indices":[62,88]}],"urls":[],"user_mentions":[{"screen_name":"120Sports","name":"120 Sports","id":1465241041,"id_str":"1465241041","indices":[0,10]},{"screen_name":"justinbieber","name":"Justin Bieber","id":27260086,"id_str":"27260086","indices":[47,60]}],"symbols":[],"media":[{"id":836919647714820096,"id_str":"836919647714820096","indices":[89,112],"media_url":"http:\/\/pbs.twimg.com\/ext_tw_video_thumb\/836919647714820096\/pu\/img\/PBgvUG8l_8p7VQZr.jpg","media_url_https":"https:\/\/pbs.twimg.com\/ext_tw_video_thumb\/836919647714820096\/pu\/img\/PBgvUG8l_8p7VQZr.jpg","url":"https:\/\/t.co\/4LpTft75J5","display_url":"pic.twitter.com\/4LpTft75J5","expanded_url":"https:\/\/twitter.com\/jarianavibez\/status\/836920314877644805\/video\/1","type":"photo","sizes":{"small":{"w":340,"h":340,"resize":"fit"},"thumb":{"w":150,"h":150,"resize":"crop"},"large":{"w":640,"h":640,"resize":"fit"},"medium":{"w":600,"h":600,"resize":"fit"}},"source_status_id":836920314877644805,"source_status_id_str":"836920314877644805
1488394012.09::RT @naynaylea_: Happy birthday Hannah!! have a good day \ud83d\ude1b\ud83c\udf89\ud83c\udf89 @lopezhannah101
1488394012.13::Me putting my 2 weeks in at Disney. Am I happy or sad? Maybe constipated? Nobody knows. #byedisney \ud83d\udc4b\ud83c\udffc https:\/\/t.co\/PqT7CBW2yo","display_text_range":[0,101],"source":"\u003ca href=\"http:\/\/twitter.com\/download\/iphone\" rel=\"nofollow\"\u003eTwitter for iPhone\u003c\/a\u003e","truncated":false,"in_reply_to_status_id":null,"in_reply_to_status_id_str":null,"in_reply_to_user_id":null,"in_reply_to_user_id_str":null,"in_reply_to_screen_name":null,"user":{"id":50846619,"id_str":"50846619","name":"Alyssa Prager","screen_name":"alyssaprager","location":"Napa\/ LA","url":null,"description":null,"protected":false,"verified":false,"followers_count":146,"friends_count":455,"listed_count":1,"favourites_count":580,"statuses_count":770,"created_at":"Fri Jun 26 00:46:06 +0000 2009","utc_offset":-28800,"time_zone":"Pacific Time (US & Canada)","geo_enabled":true,"lang":"en","contributors_enabled":false,"is_translator":false,"profile_background_color":"9AE4E8","profile_background_image_url":"http:\/\/abs.twimg.com\/images\/themes\/theme16\/bg.gif","profile_background_image_url_https":"https:\/\/abs.twimg.com\/images\/themes\/theme16\/bg.gif","profile_background_tile":false,"profile_link_color":"0084B4","profile_sidebar_border_color":"BDDCAD","profile_sidebar_fill_color":"DDFFCC","profile_text_color":"333333","profile_use_background_image":true,"profile_image_url":"http:\/\/pbs.twimg.com\/profile_images\/786626086754930688\/d1c_VR22_normal.jpg","profile_image_url_https":"https:\/\/pbs.twimg.com\/profile_images\/786626086754930688\/d1c_VR22_normal.jpg","profile_banner_url":"https:\/\/pbs.twimg.com\/profile_banners\/50846619\/1396745831","default_profile":false,"default_profile_image":false,"following":null,"follow_request_sent":null,"notifications":null},"geo":null,"coordinates":null,"place":{"id":"3d533362cdab8107","url":"https:\/\/api.twitter.com\/1.1\/geo\/id\/3d533362cdab8107.json","place_type":"city","name":"Irvine","full_name":"Irvine, CA","country_code":"US","country":"United States","bounding_box":{"type":"Polygon","coordinates":[[[-117.868940,33.606077],[-117.868940,33.773387],[-117.695781,33.773387],[-117.695781,33.606077]]]},"attributes":{}},"contributors":null,"is_quote_status":false,"retweet_count":0,"favorite_count":0,"entities":{"hashtags":[{"text":"byedisney","indices":[88,98]}],"urls":[],"user_mentions":[],"symbols":[],"media":[{"id":837011272856043520,"id_str":"837011272856043520","indices":[102,125],"media_url":"http:\/\/pbs.twimg.com\/media\/C52pUWeVAAA9DWF.jpg","media_url_https":"https:\/\/pbs.twimg.com\/media\/C52pUWeVAAA9DWF.jpg","url":"https:\/\/t.co\/PqT7CBW2yo","display_url":"pic.twitter.com\/PqT7CBW2yo","expanded_url":"https:\/\/twitter.com\/alyssaprager\/status\/837011277964718081\/photo\/1","type":"photo","sizes":{"large":{"w":189,"h":188,"resize":"fit"},"medium":{"w":189,"h":188,"resize":"fit"},"thumb":{"w":150,"h":150,"resize":"crop"},"small":{"w":189,"h":188,"resize":"fit"}}}]},"extended_entities":{"media":[{"id":837011272856043520,"id_str":"837011272856043520","indices":[102,125],"media_url":"http:\/\/pbs.twimg.com\/media\/C52pUWeVAAA9DWF.jpg","media_url_https":"https:\/\/pbs.twimg.com\/media\/C52pUWeVAAA9DWF.jpg","url":"https:\/\/t.co\/PqT7CBW2yo","display_url":"pic.twitter.com\/PqT7CBW2yo","expanded_url":"https:\/\/twitter.com\/alyssaprager\/status\/837011277964718081\/photo\/1","type":"photo","sizes":{"large":{"w":189,"h":188,"resize":"fit"},"medium":{"w":189,"h":188,"resize":"fit"},"thumb":{"w":150,"h":150,"resize":"crop"},"small":{"w":189,"h":188,"resize":"fit"}}}]},"favorited":false,"retweeted":false,"possibly_sensitive":false,"filter_level":"low","lang":"en","timestamp_ms":"1488394014241"}

1488394012.19::RT @Justin_human6: Happy bdayy @justinbieber I love you https:\/\/t.co\/d76WUZ1JNa
1488394012.29::RT @NFL: \ud83c\udfc3\ud83d\udca8\ud83d\udca8\ud83d\udca8 Half man, half cheetah. \ud83d\udc2f\n\nJoin us in wishing @ImFasterThanYa a happy birthday! https:\/\/t.co\/yB7vj7XqIm
1488394012.32::happy birthday babe @justinbieber ilysm \ud83d\udc95\ud83d\udc95 take me back to this day \ud83d\ude29\ud83d\ude0d\ud83d\ude0d https:\/\/t.co\/ktsgLiuPgG","display_text_range":[0,71],"source":"\u003ca href=\"http:\/\/twitter.com\/download\/iphone\" rel=\"nofollow\"\u003eTwitter for iPhone\u003c\/a\u003e","truncated":false,"in_reply_to_status_id":null,"in_reply_to_status_id_str":null,"in_reply_to_user_id":null,"in_reply_to_user_id_str":null,"in_reply_to_screen_name":null,"user":{"id":351295527,"id_str":"351295527","name":"al\u2661","screen_name":"ali_simonn","location":null,"url":"http:\/\/s0undly-awake.tumblr.com\/","description":"my name's ali. i'm 21 years old && Dani Noe is my idol I love her\u2764\ufe0f TU '18 Also, Justin Bieber. enough said.","protected":false,"verified":false,"followers_count":194,"friends_count":677,"listed_count":1,"favourites_count":842,"statuses_count":8263,"created_at":"Tue Aug 09 01:51:30 +0000 2011","utc_offset":-18000,"time_zone":"Quito","geo_enabled":false,"lang":"en","contributors_enabled":false,"is_translator":false,"profile_background_color":"C0DEED","profile_background_image_url":"http:\/\/pbs.twimg.com\/profile_background_images\/505045931448737792\/Q2mlaogz.png","profile_background_image_url_https":"https:\/\/pbs.twimg.com\/profile_background_images\/505045931448737792\/Q2mlaogz.png","profile_background_tile":true,"profile_link_color":"0084B4","profile_sidebar_border_color":"FFFFFF","profile_sidebar_fill_color":"DDEEF6","profile_text_color":"333333","profile_use_background_image":true,"profile_image_url":"http:\/\/pbs.twimg.com\/profile_images\/816037279378636804\/wYAMExnC_normal.jpg","profile_image_url_https":"https:\/\/pbs.twimg.com\/profile_images\/816037279378636804\/wYAMExnC_normal.jpg","profile_banner_url":"https:\/\/pbs.twimg.com\/profile_banners\/351295527\/1471040940","default_profile":false,"default_profile_image":false,"following":null,"follow_request_sent":null,"notifications":null},"geo":null,"coordinates":null,"place":null,"contributors":null,"is_quote_status":false,"retweet_count":0,"favorite_count":0,"entities":{"hashtags":[],"urls":[],"user_mentions":[{"screen_name":"justinbieber","name":"Justin Bieber","id":27260086,"id_str":"27260086","indices":[20,33]}],"symbols":[],"media":[{"id":837011266812043265,"id_str":"837011266812043265","indices":[72,95],"media_url":"http:\/\/pbs.twimg.com\/media\/C52pT_9U4AEiScb.jpg","media_url_https":"https:\/\/pbs.twimg.com\/media\/C52pT_9U4AEiScb.jpg","url":"https:\/\/t.co\/ktsgLiuPgG","display_url":"pic.twitter.com\/ktsgLiuPgG","expanded_url":"https:\/\/twitter.com\/ali_simonn\/status\/837011276870057984\/photo\/1","type":"photo","sizes":{"small":{"w":382,"h":680,"resize":"fit"},"thumb":{"w":150,"h":150,"resize":"crop"},"medium":{"w":675,"h":1200,"resize":"fit"},"large":{"w":750,"h":1334,"resize":"fit"}}}]},"extended_entities":{"media":[{"id":837011266812043265,"id_str":"837011266812043265","indices":[72,95],"media_url":"http:\/\/pbs.twimg.com\/media\/C52pT_9U4AEiScb.jpg","media_url_https":"https:\/\/pbs.twimg.com\/media\/C52pT_9U4AEiScb.jpg","url":"https:\/\/t.co\/ktsgLiuPgG","display_url":"pic.twitter.com\/ktsgLiuPgG","expanded_url":"https:\/\/twitter.com\/ali_simonn\/status\/837011276870057984\/photo\/1","type":"photo","sizes":{"small":{"w":382,"h":680,"resize":"fit"},"thumb":{"w":150,"h":150,"resize":"crop"},"medium":{"w":675,"h":1200,"resize":"fit"},"large":{"w":750,"h":1334,"resize":"fit"}}}]},"favorited":false,"retweeted":false,"possibly_sensitive":false,"filter_level":"low","lang":"en","timestamp_ms":"1488394013980"}

1488394012.35::RT @btsportfootball: Happy #StDavidsDay! \n\nCelebrate it with this unreal @GarethBale11 volley. \ud83d\ude4c\ud83d\ude80 #UCL https:\/\/t.co\/eZCfkMCc16
1488394012.36::HERES A BIG HAPPY BIRTHDAY TO THE LOML JUSTIN BIEBER\ud83e\udd84\ud83d\udc96\ud83c\udf38
1488394012.46::RT @madisonbeer: happy birthday to my favorite weirdo. thank you for not only being the best friend, but idol a girl could ask for :\u2026 
1488394012.5::Happy birthday to my beautiful angel @justinbieber \ud83d\udc98\nThanks for be yourself
1488394012.59::RT @PrimeZeke: Happy 3-1 Day! The Warriors blew a 3-1 lead in the 2016 NBA Finals. https:\/\/t.co\/sXbnJo8DHr
1488394012.61::RT @JustinChartStat: Retweet to wish an happy birthday to Justin Bieber \n#Beliebers #BestFanArmy #iHeartAwards
1488394012.64::Happy Boy | The Beat Farmers | Best Of The Beat Farmers
1488394012.7::RT @CharlesMBlow: Happy 90th birthday Harry Belafonte! Read my tribute to him and Sidney Poitier here: https:\/\/t.co\/2FSjFqOzYW https:\/\/t.co\u2026
1488394012.8::RT @lavanialicious: Eeeee so chubbyyyyy \ud83d\ude0d\ud83d\ude0d\ud83d\ude0d\ud83d\ude0d\ud83d\ude0d\ud83d\ude0d https:\/\/t.co\/LvfGvQjwFC
1488394012.84::#Qriket is the coolest game ever https:\/\/t.co\/nskzdxNVdw","display_text_range":[0,32],"source":"\u003ca href=\"http:\/\/twitter.com\" rel=\"nofollow\"\u003eTwitter Web Client\u003c\/a\u003e","truncated":false,"in_reply_to_status_id":null,"in_reply_to_status_id_str":null,"in_reply_to_user_id":null,"in_reply_to_user_id_str":null,"in_reply_to_screen_name":null,"user":{"id":779752079988363265,"id_str":"779752079988363265","name":"Matias Salinas","screen_name":"Matiastimes3","location":"McAllen, TX","url":null,"description":"Yellow Everyone im 25 with a passion for Music, Art, Business and. The Conscious of the planet. Oh And I also Make Money with Smartphone Apps.","protected":false,"verified":false,"followers_count":54,"friends_count":77,"listed_count":7,"favourites_count":12,"statuses_count":288,"created_at":"Sat Sep 24 18:39:17 +0000 2016","utc_offset":null,"time_zone":null,"geo_enabled":false,"lang":"en","contributors_enabled":false,"is_translator":false,"profile_background_color":"000000","profile_background_image_url":"http:\/\/abs.twimg.com\/images\/themes\/theme1\/bg.png","profile_background_image_url_https":"https:\/\/abs.twimg.com\/images\/themes\/theme1\/bg.png","profile_background_tile":false,"profile_link_color":"19CF86","profile_sidebar_border_color":"000000","profile_sidebar_fill_color":"000000","profile_text_color":"000000","profile_use_background_image":false,"profile_image_url":"http:\/\/pbs.twimg.com\/profile_images\/779762162088546305\/iDENtd79_normal.jpg","profile_image_url_https":"https:\/\/pbs.twimg.com\/profile_images\/779762162088546305\/iDENtd79_normal.jpg","profile_banner_url":"https:\/\/pbs.twimg.com\/profile_banners\/779752079988363265\/1475713501","default_profile":false,"default_profile_image":false,"following":null,"follow_request_sent":null,"notifications":null},"geo":null,"coordinates":null,"place":null,"contributors":null,"quoted_status_id":836981869665202176,"quoted_status_id_str":"836981869665202176","quoted_status":{"created_at":"Wed Mar 01 16:50:02 +0000 2017","id":836981869665202176,"id_str":"836981869665202176"
1488394012.85::happy ash Wednesday. \n#whatacatch #whataburger @ Whataburger\u2026 https:\/\/t.co\/ZhiBYPqBzu
1488394012.93::\u2764 https:\/\/t.co\/5JwPXixjA7","display_text_range":[0,1],"source":"\u003ca href=\"http:\/\/twitter.com\/download\/iphone\" rel=\"nofollow\"\u003eTwitter for iPhone\u003c\/a\u003e","truncated":false,"in_reply_to_status_id":null,"in_reply_to_status_id_str":null,"in_reply_to_user_id":null,"in_reply_to_user_id_str":null,"in_reply_to_screen_name":null,"user":{"id":3094153857,"id_str":"3094153857","name":"Davide L.","screen_name":"liberio790","location":"Italia","url":"http:\/\/purposetourmerch.com","description":"Italy, Ba. \nJustin gives me purpose.\n7.12.16 he started following me.","protected":false,"verified":false,"followers_count":280,"friends_count":227,"listed_count":1,"favourites_count":20379,"statuses_count":1063,"created_at":"Wed Mar 18 11:20:55 +0000 2015","utc_offset":null,"time_zone":null,"geo_enabled":false,"lang":"it","contributors_enabled":false,"is_translator":false,"profile_background_color":"000000","profile_background_image_url":"http:\/\/abs.twimg.com\/images\/themes\/theme1\/bg.png","profile_background_image_url_https":"https:\/\/abs.twimg.com\/images\/themes\/theme1\/bg.png","profile_background_tile":false,"profile_link_color":"FF691F","profile_sidebar_border_color":"000000","profile_sidebar_fill_color":"000000","profile_text_color":"000000","profile_use_background_image":false,"profile_image_url":"http:\/\/pbs.twimg.com\/profile_images\/835099765734010880\/uNKPmutH_normal.jpg","profile_image_url_https":"https:\/\/pbs.twimg.com\/profile_images\/835099765734010880\/uNKPmutH_normal.jpg","profile_banner_url":"https:\/\/pbs.twimg.com\/profile_banners\/3094153857\/1487500724","default_profile":false,"default_profile_image":false,"following":null,"follow_request_sent":null,"notifications":null},"geo":null,"coordinates":null,"place":null,"contributors":null,"quoted_status_id":836977065761116160,"quoted_status_id_str":"836977065761116160","quoted_status":{"created_at":"Wed Mar 01 16:30:57 +0000 2017","id":836977065761116160,"id_str":"836977065761116160"
1488394012.97::RT @HornyLonelyMilf: Happy #Tittytuesday!! #Milf #BigTits #NGOT @Picsofwomen @Swinging_MILF @TitsNatural \ud83d\udece\ud83d\udece https:\/\/t.co\/aBMbcK0EXH https:\/\u2026
1488394017.98::Happy birthday I love u @justinbieber
1488394017.99::RT @YeshuaTheGudwin: Happy bday @justinbieber !!! To nother great year, keep on keepin on!!!
1488394018.0::RT @avacunninghamm: @aaryn_nicole29 happy birthday girly hope it's great!!!!\u2764
1488394018.01::RT @CornelivsW: I love this song and video. https:\/\/t.co\/ocQQ0FfRU3
1488394018.02::RT @maliagif: To be clear: They would not let him wrestle in the boys division and are now upset that he won the girls division t\u2026 
1488394018.03::RT @theknocks: Happy bday to the guy @justinbieber - forever grateful for what he did for us this past year \u2764
1488394018.04::RT @madisonbeer: happy birthday to my favorite weirdo. thank you for not only being the best friend, but idol a girl could ask for :\u2026 
1488394018.04::i literally love your whole life \ud83d\udc95 https:\/\/t.co\/PQZM7rVvDR","display_text_range":[0,34],"source":"\u003ca href=\"http:\/\/twitter.com\/download\/iphone\" rel=\"nofollow\"\u003eTwitter for iPhone\u003c\/a\u003e","truncated":false,"in_reply_to_status_id":null,"in_reply_to_status_id_str":null,"in_reply_to_user_id":null,"in_reply_to_user_id_str":null,"in_reply_to_screen_name":null,"user":{"id":394414468,"id_str":"394414468","name":"c herbo \ud83d\udc51","screen_name":"_LustC","location":"NY","url":null,"description":"Pisces Sun. Sagittarius Moon. DC19. #SIPJONES","protected":false,"verified":false,"followers_count":634,"friends_count":621,"listed_count":2,"favourites_count":18045,"statuses_count":55994,"created_at":"Thu Oct 20 01:28:43 +0000 2011","utc_offset":-28800,"time_zone":"Pacific Time (US & Canada)","geo_enabled":true,"lang":"en","contributors_enabled":false,"is_translator":false,"profile_background_color":"D61E5B","profile_background_image_url":"http:\/\/pbs.twimg.com\/profile_background_images\/709025677\/2a5646a0426a91802a63210bae001e64.png","profile_background_image_url_https":"https:\/\/pbs.twimg.com\/profile_background_images\/709025677\/2a5646a0426a91802a63210bae001e64.png","profile_background_tile":true,"profile_link_color":"7FDBB6","profile_sidebar_border_color":"FFFFFF","profile_sidebar_fill_color":"E5507E","profile_text_color":"000000","profile_use_background_image":true,"profile_image_url":"http:\/\/pbs.twimg.com\/profile_images\/828972557789446144\/3zQeTUEK_normal.jpg","profile_image_url_https":"https:\/\/pbs.twimg.com\/profile_images\/828972557789446144\/3zQeTUEK_normal.jpg","profile_banner_url":"https:\/\/pbs.twimg.com\/profile_banners\/394414468\/1480352484","default_profile":false,"default_profile_image":false,"following":null,"follow_request_sent":null,"notifications":null},"geo":null,"coordinates":null,"place":null,"contributors":null,"quoted_status_id":837011084649332736,"quoted_status_id_str":"837011084649332736","quoted_status":{"created_at":"Wed Mar 01 18:46:08 +0000 2017","id":837011084649332736,"id_str":"837011084649332736"
1488394018.05::RT @JonathanDahlen: Happy that @Canucks believe in me and looking forward to be in the organization! \ud83d\udc4d\ud83c\udffb\ud83d\udc4d\ud83c\udffb
1488394018.06::Not sure what's happening here but @sean1marrero looks extra happy about it \ud83d\ude02\ud83d\udc95 @sydalexism https:\/\/t.co\/aIcLuujWjh","display_text_range":[0,90],"source":"\u003ca href=\"http:\/\/twitter.com\/download\/iphone\" rel=\"nofollow\"\u003eTwitter for iPhone\u003c\/a\u003e","truncated":false,"in_reply_to_status_id":null,"in_reply_to_status_id_str":null,"in_reply_to_user_id":null,"in_reply_to_user_id_str":null,"in_reply_to_screen_name":null,"user":{"id":2258534293,"id_str":"2258534293","name":"Taylor Renae","screen_name":"misstayrenae","location":"Tampa, FL\u2600\ufe0f","url":null,"description":"Cali raised, Florida livin. Instagram @misstayyrenae","protected":false,"verified":false,"followers_count":189,"friends_count":280,"listed_count":4,"favourites_count":2896,"statuses_count":1475,"created_at":"Mon Dec 23 06:01:07 +0000 2013","utc_offset":null,"time_zone":null,"geo_enabled":true,"lang":"en","contributors_enabled":false,"is_translator":false,"profile_background_color":"C0DEED","profile_background_image_url":"http:\/\/abs.twimg.com\/images\/themes\/theme1\/bg.png","profile_background_image_url_https":"https:\/\/abs.twimg.com\/images\/themes\/theme1\/bg.png","profile_background_tile":false,"profile_link_color":"1DA1F2","profile_sidebar_border_color":"C0DEED","profile_sidebar_fill_color":"DDEEF6","profile_text_color":"333333","profile_use_background_image":true,"profile_image_url":"http:\/\/pbs.twimg.com\/profile_images\/808483362600001536\/XzC46PE7_normal.jpg","profile_image_url_https":"https:\/\/pbs.twimg.com\/profile_images\/808483362600001536\/XzC46PE7_normal.jpg","profile_banner_url":"https:\/\/pbs.twimg.com\/profile_banners\/2258534293\/1481591962","default_profile":true,"default_profile_image":false,"following":null,"follow_request_sent":null,"notifications":null},"geo":null,"coordinates":null,"place":{"id":"dc62519fda13b4ec","url":"https:\/\/api.twitter.com\/1.1\/geo\/id\/dc62519fda13b4ec.json","place_type":"city","name":"Tampa","full_name":"Tampa, FL","country_code":"US","country":"United States","bounding_box":{"type":"Polygon","coordinates":[[[-82.620093,27.821353],[-82.620093,28.171836],[-82.265295,28.171836],[-82.265295,27.821353]]]},"attributes":{}},"contributors":null,"is_quote_status":false,"retweet_count":0,"favorite_count":0,"entities":{"hashtags":[],"urls":[],"user_mentions":[{"screen_name":"sean1marrero","name":"sean marrero","id":265095143,"id_str":"265095143","indices":[35,48]},{"screen_name":"sydalexism","name":"Sydney Martinez \ud83c\udf38","id":2790740095,"id_str":"2790740095","indices":[79,90]}],"symbols":[],"media":[{"id":837011274055680000,"id_str":"837011274055680000","indices":[91,114],"media_url":"http:\/\/pbs.twimg.com\/media\/C52pUa8WAAAidNI.jpg","media_url_https":"https:\/\/pbs.twimg.com\/media\/C52pUa8WAAAidNI.jpg","url":"https:\/\/t.co\/aIcLuujWjh","display_url":"pic.twitter.com\/aIcLuujWjh","expanded_url":"https:\/\/twitter.com\/misstayrenae\/status\/837011280552673280\/photo\/1","type":"photo","sizes":{"medium":{"w":1200,"h":675,"resize":"fit"},"thumb":{"w":150,"h":150,"resize":"crop"},"small":{"w":680,"h":382,"resize":"fit"},"large":{"w":1334,"h":750,"resize":"fit"}}}]},"extended_entities":{"media":[{"id":837011274055680000,"id_str":"837011274055680000","indices":[91,114],"media_url":"http:\/\/pbs.twimg.com\/media\/C52pUa8WAAAidNI.jpg","media_url_https":"https:\/\/pbs.twimg.com\/media\/C52pUa8WAAAidNI.jpg","url":"https:\/\/t.co\/aIcLuujWjh","display_url":"pic.twitter.com\/aIcLuujWjh","expanded_url":"https:\/\/twitter.com\/misstayrenae\/status\/837011280552673280\/photo\/1","type":"photo","sizes":{"medium":{"w":1200,"h":675,"resize":"fit"},"thumb":{"w":150,"h":150,"resize":"crop"},"small":{"w":680,"h":382,"resize":"fit"},"large":{"w":1334,"h":750,"resize":"fit"}}}]},"favorited":false,"retweeted":false,"possibly_sensitive":false,"filter_level":"low","lang":"en","timestamp_ms":"1488394014858"}

1488394018.07::Happy birthday my man @xCocoloso \u270a\ud83c\udffc
1488394018.07::RT @barstoolsports: Happy 3-1, everybody! Let us never forget https:\/\/t.co\/yN0RX9To55
1488394018.08::@USAMarineMom1 @DebraMessing they were not happy.","display_text_range":[29,49],"source":"\u003ca href=\"http:\/\/twitter.com\/download\/android\" rel=\"nofollow\"\u003eTwitter for Android\u003c\/a\u003e","truncated":false,"in_reply_to_status_id":836791241270575108,"in_reply_to_status_id_str":"836791241270575108","in_reply_to_user_id":213142126,"in_reply_to_user_id_str":"213142126","in_reply_to_screen_name":"USAMarineMom1","user":{"id":2425921408,"id_str":"2425921408","name":"rebecca croxford","screen_name":"CroxfordRc","location":null,"url":null,"description":null,"protected":false,"verified":false,"followers_count":38,"friends_count":65,"listed_count":0,"favourites_count":2981,"statuses_count":1063,"created_at":"Fri Mar 21 01:35:55 +0000 2014","utc_offset":null,"time_zone":null,"geo_enabled":false,"lang":"en","contributors_enabled":false,"is_translator":false,"profile_background_color":"C0DEED","profile_background_image_url":"http:\/\/abs.twimg.com\/images\/themes\/theme1\/bg.png","profile_background_image_url_https":"https:\/\/abs.twimg.com\/images\/themes\/theme1\/bg.png","profile_background_tile":false,"profile_link_color":"1DA1F2","profile_sidebar_border_color":"C0DEED","profile_sidebar_fill_color":"DDEEF6","profile_text_color":"333333","profile_use_background_image":true,"profile_image_url":"http:\/\/pbs.twimg.com\/profile_images\/830904262251134981\/-Ql6FrmB_normal.jpg","profile_image_url_https":"https:\/\/pbs.twimg.com\/profile_images\/830904262251134981\/-Ql6FrmB_normal.jpg","default_profile":true,"default_profile_image":false,"following":null,"follow_request_sent":null,"notifications":null},"geo":null,"coordinates":null,"place":null,"contributors":null,"is_quote_status":false,"retweet_count":0,"favorite_count":0,"entities":{"hashtags":[],"urls":[],"user_mentions":[{"screen_name":"USAMarineMom1","name":"Pmc","id":213142126,"id_str":"213142126","indices":[0,14]},{"screen_name":"DebraMessing","name":"Debra Messing","id":499073990,"id_str":"499073990","indices":[15,28]}],"symbols":[]},"favorited":false,"retweeted":false,"filter_level":"low","lang":"en","timestamp_ms":"1488394015228"}

1488394018.08::RT @menggalurks: Happy #ALDUB85thWeeksary, love birds! Stay happy together \u2764\n\n@aldenrichards02 @mainedcm https:\/\/t.co\/XnX6stujvV
1488394018.09::Happy birthday!\u263a\ud83d\udc97@hannah_haskell
1488394018.09::@justinbieber STO LAT B E I B E R\/ B I B E R! it means HAPPY BIRTHDAY in polish\ud83d\ude0f\n(translate yourself this shit \u261d\ud83c\udffc\ufe0fbo nie bd sie wysilac \ud83d\ude02)
1488394018.1::RT @ConKdeKidrauhl_: Happy birthday Justin!! We're here for you. Forever and Always.  Love u \ud83d\udc95\n\n#HappyBirthdayJustinBieber \n#Beliebers\u2026 
1488394018.1::RT @jazmynbieber: Happy birthday to my big bro. So proud to be your little sister! \ud83d\udc68\u200d\ud83d\udc67
1488394018.11::RT @people: Is it too late now to say... happy birthday @justinbieber! \ud83c\udf89 https:\/\/t.co\/2feg1SBI0M
1488394018.11::@artisticdoIan https:\/\/t.co\/aYcbP1uASJ","display_text_range":[15,38],"source":"\u003ca href=\"http:\/\/twitter.com\/download\/iphone\" rel=\"nofollow\"\u003eTwitter for iPhone\u003c\/a\u003e","truncated":false,"in_reply_to_status_id":837010910761865219,"in_reply_to_status_id_str":"837010910761865219","in_reply_to_user_id":615208227,"in_reply_to_user_id_str":"615208227","in_reply_to_screen_name":"artisticdoIan","user":{"id":615208227,"id_str":"615208227","name":"\u0130rem","screen_name":"artisticdoIan","location":"Turkey","url":null,"description":"instagram: atahanphotography \u2022 CREATE \u2022 24.01.17 Grethan's Angels \ud83d\udc7c\ud83c\udffc \u2022 E liked x2 \ud83d\udc99","protected":false,"verified":false,"followers_count":1853,"friends_count":744,"listed_count":15,"favourites_count":7357,"statuses_count":11942,"created_at":"Fri Jun 22 12:36:41 +0000 2012","utc_offset":10800,"time_zone":"Baghdad","geo_enabled":false,"lang":"tr","contributors_enabled":false,"is_translator":false,"profile_background_color":"FFFFFF","profile_background_image_url":"http:\/\/pbs.twimg.com\/profile_background_images\/890496093\/61ccc888165164f2baca3d247136f103.png","profile_background_image_url_https":"https:\/\/pbs.twimg.com\/profile_background_images\/890496093\/61ccc888165164f2baca3d247136f103.png","profile_background_tile":false,"profile_link_color":"FF0000","profile_sidebar_border_color":"FFFFFF","profile_sidebar_fill_color":"E6F6F9","profile_text_color":"333333","profile_use_background_image":false,"profile_image_url":"http:\/\/pbs.twimg.com\/profile_images\/834449266479419392\/RR6HROO3_normal.jpg","profile_image_url_https":"https:\/\/pbs.twimg.com\/profile_images\/834449266479419392\/RR6HROO3_normal.jpg","profile_banner_url":"https:\/\/pbs.twimg.com\/profile_banners\/615208227\/1487783763","default_profile":false,"default_profile_image":false,"following":null,"follow_request_sent":null,"notifications":null},"geo":null,"coordinates":null,"place":null,"contributors":null,"quoted_status_id":831574397043560450,"quoted_status_id_str":"831574397043560450","quoted_status":{"created_at":"Tue Feb 14 18:42:40 +0000 2017","id":831574397043560450,"id_str":"831574397043560450"
1488394018.12::Happy #StDavidsDay #HapusDyddDewiSant \n#WALES #PHILCAMPBELL &amp; #TheBastardSons - Ace of Spades #Mot\u00f6rhead : https:\/\/t.co\/wqC1k8rXDo
1488394018.12::Happy birthday 23 Justin! I love you so much! \r#JB23 #HappyBirthdayJustin @justinbieber https:\/\/t.co\/SgGB14273F","display_text_range":[0,87],"source":"\u003ca href=\"http:\/\/www.twitter.com\" rel=\"nofollow\"\u003eTwitter for Windows Phone\u003c\/a\u003e","truncated":false,"in_reply_to_status_id":null,"in_reply_to_status_id_str":null,"in_reply_to_user_id":null,"in_reply_to_user_id_str":null,"in_reply_to_screen_name":null,"user":{"id":433760614,"id_str":"433760614","name":"DOUGLEIDYS","screen_name":"DougleidysCom","location":"venezuela","url":null,"description":"07\/04\/99","protected":false,"verified":false,"followers_count":74,"friends_count":223,"listed_count":0,"favourites_count":596,"statuses_count":1304,"created_at":"Sun Dec 11 00:14:21 +0000 2011","utc_offset":null,"time_zone":null,"geo_enabled":true,"lang":"es","contributors_enabled":false,"is_translator":false,"profile_background_color":"C0DEED","profile_background_image_url":"http:\/\/abs.twimg.com\/images\/themes\/theme1\/bg.png","profile_background_image_url_https":"https:\/\/abs.twimg.com\/images\/themes\/theme1\/bg.png","profile_background_tile":false,"profile_link_color":"1DA1F2","profile_sidebar_border_color":"C0DEED","profile_sidebar_fill_color":"DDEEF6","profile_text_color":"333333","profile_use_background_image":true,"profile_image_url":"http:\/\/pbs.twimg.com\/profile_images\/831968261885542400\/8zu83xCO_normal.jpg","profile_image_url_https":"https:\/\/pbs.twimg.com\/profile_images\/831968261885542400\/8zu83xCO_normal.jpg","profile_banner_url":"https:\/\/pbs.twimg.com\/profile_banners\/433760614\/1487191758","default_profile":true,"default_profile_image":false,"following":null,"follow_request_sent":null,"notifications":null},"geo":null,"coordinates":null,"place":null,"contributors":null,"is_quote_status":false,"retweet_count":0,"favorite_count":0,"entities":{"hashtags":[{"text":"JB23","indices":[47,52]},{"text":"HappyBirthdayJustin","indices":[53,73]}],"urls":[],"user_mentions":[{"screen_name":"justinbieber","name":"Justin Bieber","id":27260086,"id_str":"27260086","indices":[74,87]}],"symbols":[],"media":[{"id":837011276253564928,"id_str":"837011276253564928","indices":[88,111],"media_url":"http:\/\/pbs.twimg.com\/media\/C52pUjIXEAAGiwV.jpg","media_url_https":"https:\/\/pbs.twimg.com\/media\/C52pUjIXEAAGiwV.jpg","url":"https:\/\/t.co\/SgGB14273F","display_url":"pic.twitter.com\/SgGB14273F","expanded_url":"https:\/\/twitter.com\/DougleidysCom\/status\/837011282574393350\/photo\/1","type":"photo","sizes":{"large":{"w":480,"h":800,"resize":"fit"},"small":{"w":408,"h":680,"resize":"fit"},"thumb":{"w":150,"h":150,"resize":"crop"},"medium":{"w":480,"h":800,"resize":"fit"}}}]},"extended_entities":{"media":[{"id":837011276253564928,"id_str":"837011276253564928","indices":[88,111],"media_url":"http:\/\/pbs.twimg.com\/media\/C52pUjIXEAAGiwV.jpg","media_url_https":"https:\/\/pbs.twimg.com\/media\/C52pUjIXEAAGiwV.jpg","url":"https:\/\/t.co\/SgGB14273F","display_url":"pic.twitter.com\/SgGB14273F","expanded_url":"https:\/\/twitter.com\/DougleidysCom\/status\/837011282574393350\/photo\/1","type":"photo","sizes":{"large":{"w":480,"h":800,"resize":"fit"},"small":{"w":408,"h":680,"resize":"fit"},"thumb":{"w":150,"h":150,"resize":"crop"},"medium":{"w":480,"h":800,"resize":"fit"}}}]},"favorited":false,"retweeted":false,"possibly_sensitive":false,"filter_level":"low","lang":"en","timestamp_ms":"1488394015340"}

1488394018.13::RT @jazmynbieber: Happy birthday to my big bro. So proud to be your little sister! \ud83d\udc68\u200d\ud83d\udc67
1488394018.13::RT @JblieberHelpS: \"H\u00e3? Pq vc queria ser um cachorro?\"\nS\u00f3  por isso aqui\n\nHAPPYBDAY JUSTIN\n#Beliebers #BestFanArmy #iHeartAwards https:\/\/t.\u2026
1488394018.14::RT @maliagif: To be clear: They would not let him wrestle in the boys division and are now upset that he won the girls division t\u2026 
1488394018.15::RT @anto_v25: Another year to give everything for the greatest club in the world @manutd. Happy to announce I\u2019ve renew my contrac\u2026 
1488394018.15::Happy birthday to the biebs \u2764\ufe0f\ud83c\udf89 @justinbieber
1488394018.16::RT @heythuydotcom: Happy Fri-YAY friends! I'm so excited to share a sneak peak of my stamp set that I designed +\u2026 https:\/\/t.co\/zJSHvHqrIt
1488394018.16::RT @Adam27Keefe: @becca_hawthorne happy birthday big man !@Paulmccolgan47 @BelfastGiants
1488394018.17::RT @JustinChartStat: Retweet to wish an happy birthday to Justin Bieber \n#Beliebers #BestFanArmy #iHeartAwards
1488394018.17::RT @Cubs: Sure as God made green apples ...\n\nHappy birthday, Harry Caray! https:\/\/t.co\/tIqsQtC8YF
1488394018.18::RT @JBCrewdotcom: Popprince: Also.. Happy 23rd Birthday @justinbieber Looking forward to the @principalitysta #PurposeTour in Cardiff\u2026 
1488394018.18::RT @MTVNews: \ud83d\udc96 happy birthday you beautiful pisces \ud83d\udc96 https:\/\/t.co\/hNQdKg32HE
1488394018.19::RT @Pankajamunde: Wish you very happy birthday Agastya !! Loads of love n blessings always !!! https:\/\/t.co\/U7pogSk1I3
1488394018.19::RT @SandraCthatsme: New month\nNew beginning\nNew mindset\nNew focus\nNew intentions\nNew results\nNew blessings\n\nHappy 1st March #HelloMarch\u2026 
1488394018.2::RT @Koreaboo: Happy Birthday to Sangdo from ToppDogg!! #HappySANGDODay \ud83d\ude18\ud83c\udf70\ud83c\udf81 https:\/\/t.co\/FGwiwQB4Ki
1488394018.21::Parab\u00e9ns meu amoooor https:\/\/t.co\/Ao4NIHWC2b","display_text_range":[0,20],"source":"\u003ca href=\"http:\/\/twitter.com\/download\/android\" rel=\"nofollow\"\u003eTwitter for Android\u003c\/a\u003e","truncated":false,"in_reply_to_status_id":null,"in_reply_to_status_id_str":null,"in_reply_to_user_id":null,"in_reply_to_user_id_str":null,"in_reply_to_screen_name":null,"user":{"id":2356883032,"id_str":"2356883032","name":"Leandra","screen_name":"Porraachei","location":null,"url":null,"description":"Meu presente \u00e9 meu auge, eu to melhor agora.","protected":false,"verified":false,"followers_count":715,"friends_count":946,"listed_count":1,"favourites_count":1949,"statuses_count":11548,"created_at":"Fri Feb 21 17:01:52 +0000 2014","utc_offset":null,"time_zone":null,"geo_enabled":true,"lang":"pt","contributors_enabled":false,"is_translator":false,"profile_background_color":"C0DEED","profile_background_image_url":"http:\/\/abs.twimg.com\/images\/themes\/theme1\/bg.png","profile_background_image_url_https":"https:\/\/abs.twimg.com\/images\/themes\/theme1\/bg.png","profile_background_tile":false,"profile_link_color":"1DA1F2","profile_sidebar_border_color":"C0DEED","profile_sidebar_fill_color":"DDEEF6","profile_text_color":"333333","profile_use_background_image":true,"profile_image_url":"http:\/\/pbs.twimg.com\/profile_images\/817859831474384897\/9Shs1uAU_normal.jpg","profile_image_url_https":"https:\/\/pbs.twimg.com\/profile_images\/817859831474384897\/9Shs1uAU_normal.jpg","profile_banner_url":"https:\/\/pbs.twimg.com\/profile_banners\/2356883032\/1488005627","default_profile":true,"default_profile_image":false,"following":null,"follow_request_sent":null,"notifications":null},"geo":null,"coordinates":null,"place":null,"contributors":null,"quoted_status_id":704658330527121408,"quoted_status_id_str":"704658330527121408","quoted_status":{"created_at":"Tue Mar 01 13:23:32 +0000 2016","id":704658330527121408,"id_str":"704658330527121408"
1488394018.21::Happy birthday to my husband \ud83d\udc97 @justinbieber https:\/\/t.co\/vFdGCERl0M","display_text_range":[0,44],"source":"\u003ca href=\"http:\/\/twitter.com\/download\/iphone\" rel=\"nofollow\"\u003eTwitter for iPhone\u003c\/a\u003e","truncated":false,"in_reply_to_status_id":null,"in_reply_to_status_id_str":null,"in_reply_to_user_id":null,"in_reply_to_user_id_str":null,"in_reply_to_screen_name":null,"user":{"id":221154637,"id_str":"221154637","name":"Alyssa","screen_name":"alyelliejoe","location":"Gainesville, GA","url":null,"description":"\u2022 add me on snap: alyelliejoe","protected":false,"verified":false,"followers_count":662,"friends_count":220,"listed_count":0,"favourites_count":29797,"statuses_count":6951,"created_at":"Mon Nov 29 22:04:56 +0000 2010","utc_offset":-14400,"time_zone":"Atlantic Time (Canada)","geo_enabled":true,"lang":"en","contributors_enabled":false,"is_translator":false,"profile_background_color":"F5CC85","profile_background_image_url":"http:\/\/pbs.twimg.com\/profile_background_images\/728523165\/81b84070f316e0a40edb709d1f361646.jpeg","profile_background_image_url_https":"https:\/\/pbs.twimg.com\/profile_background_images\/728523165\/81b84070f316e0a40edb709d1f361646.jpeg","profile_background_tile":false,"profile_link_color":"000000","profile_sidebar_border_color":"FFFFFF","profile_sidebar_fill_color":"7A6A53","profile_text_color":"D5DED9","profile_use_background_image":false,"profile_image_url":"http:\/\/pbs.twimg.com\/profile_images\/829698134540447744\/YaWX9nn8_normal.jpg","profile_image_url_https":"https:\/\/pbs.twimg.com\/profile_images\/829698134540447744\/YaWX9nn8_normal.jpg","profile_banner_url":"https:\/\/pbs.twimg.com\/profile_banners\/221154637\/1487809747","default_profile":false,"default_profile_image":false,"following":null,"follow_request_sent":null,"notifications":null},"geo":null,"coordinates":null,"place":null,"contributors":null,"is_quote_status":false,"retweet_count":0,"favorite_count":0,"entities":{"hashtags":[],"urls":[],"user_mentions":[{"screen_name":"justinbieber","name":"Justin Bieber","id":27260086,"id_str":"27260086","indices":[31,44]}],"symbols":[],"media":[{"id":837011266443087872,"id_str":"837011266443087872","indices":[45,68],"media_url":"http:\/\/pbs.twimg.com\/tweet_video_thumb\/C52pT-lXEAAvvAg.jpg","media_url_https":"https:\/\/pbs.twimg.com\/tweet_video_thumb\/C52pT-lXEAAvvAg.jpg","url":"https:\/\/t.co\/vFdGCERl0M","display_url":"pic.twitter.com\/vFdGCERl0M","expanded_url":"https:\/\/twitter.com\/alyelliejoe\/status\/837011284642119682\/photo\/1","type":"photo","sizes":{"medium":{"w":498,"h":278,"resize":"fit"},"thumb":{"w":150,"h":150,"resize":"crop"},"small":{"w":340,"h":190,"resize":"fit"},"large":{"w":498,"h":278,"resize":"fit"}}}]},"extended_entities":{"media":[{"id":837011266443087872,"id_str":"837011266443087872","indices":[45,68],"media_url":"http:\/\/pbs.twimg.com\/tweet_video_thumb\/C52pT-lXEAAvvAg.jpg","media_url_https":"https:\/\/pbs.twimg.com\/tweet_video_thumb\/C52pT-lXEAAvvAg.jpg","url":"https:\/\/t.co\/vFdGCERl0M","display_url":"pic.twitter.com\/vFdGCERl0M","expanded_url":"https:\/\/twitter.com\/alyelliejoe\/status\/837011284642119682\/photo\/1","type":"animated_gif","sizes":{"medium":{"w":498,"h":278,"resize":"fit"},"thumb":{"w":150,"h":150,"resize":"crop"},"small":{"w":340,"h":190,"resize":"fit"},"large":{"w":498,"h":278,"resize":"fit"}},"video_info":{"aspect_ratio":[249,139],"variants":[{"bitrate":0,"content_type":"video\/mp4","url":"https:\/\/video.twimg.com\/tweet_video\/C52pT-lXEAAvvAg.mp4"}]}}]},"favorited":false,"retweeted":false,"possibly_sensitive":false,"filter_level":"low","lang":"en","timestamp_ms":"1488394015833"}

1488394018.22::@aviray_ happy birthday!! \ud83d\ude01\ud83d\ude01\ud83d\ude01
1488394018.22::RT @DylanPete01: @connorlawrence_ happy birthday my guy \u270a\ud83c\udffc\ud83c\udf89 live it up!
1488394018.23::RT @dosomething: Happy #WomensHistoryMonth! \ud83d\udc6f https:\/\/t.co\/V8sDU5MeCZ
1488394018.23::So seductive https:\/\/t.co\/GRY9Q8ogTJ","display_text_range":[0,12],"source":"\u003ca href=\"http:\/\/twitter.com\/#!\/download\/ipad\" rel=\"nofollow\"\u003eTwitter for iPad\u003c\/a\u003e","truncated":false,"in_reply_to_status_id":null,"in_reply_to_status_id_str":null,"in_reply_to_user_id":null,"in_reply_to_user_id_str":null,"in_reply_to_screen_name":null,"user":{"id":3138797751,"id_str":"3138797751","name":"Max George","screen_name":"maxgeorge100","location":"skype maxgeorge10000 join me","url":null,"description":"Dommes are creatures of beauty, deservedly treated with respect.I love #cashpointmeets being a #paypig,rinsing my Amex. London but will travel cause I\u2764\ufe0ffindom.","protected":false,"verified":false,"followers_count":2730,"friends_count":4916,"listed_count":29,"favourites_count":6917,"statuses_count":12245,"created_at":"Mon Apr 06 00:20:12 +0000 2015","utc_offset":null,"time_zone":null,"geo_enabled":false,"lang":"en","contributors_enabled":false,"is_translator":false,"profile_background_color":"C0DEED","profile_background_image_url":"http:\/\/abs.twimg.com\/images\/themes\/theme1\/bg.png","profile_background_image_url_https":"https:\/\/abs.twimg.com\/images\/themes\/theme1\/bg.png","profile_background_tile":false,"profile_link_color":"1DA1F2","profile_sidebar_border_color":"C0DEED","profile_sidebar_fill_color":"DDEEF6","profile_text_color":"333333","profile_use_background_image":true,"profile_image_url":"http:\/\/pbs.twimg.com\/profile_images\/688634788912168960\/JexFm0T3_normal.jpg","profile_image_url_https":"https:\/\/pbs.twimg.com\/profile_images\/688634788912168960\/JexFm0T3_normal.jpg","profile_banner_url":"https:\/\/pbs.twimg.com\/profile_banners\/3138797751\/1453756801","default_profile":true,"default_profile_image":false,"following":null,"follow_request_sent":null,"notifications":null},"geo":null,"coordinates":null,"place":null,"contributors":null,"quoted_status_id":822496253741334531,"quoted_status_id_str":"822496253741334531","quoted_status":{"created_at":"Fri Jan 20 17:29:22 +0000 2017","id":822496253741334531,"id_str":"822496253741334531"
1488394018.24::RT @infiresmark: BLESSED ASF https:\/\/t.co\/dP2QpPCjsm
1488394018.24::RT @DavidLCastro_: Happy birthday!!\ud83c\udf8a @EmeraudeToubia
1488394018.25::Happy Birthday Ron Weasley!
1488394018.25::RT @YeshuaTheGudwin: Happy bday @justinbieber !!! To nother great year, keep on keepin on!!!
1488394018.26::RT @JBCrewdotcom: alfredoflores: Millions of miles. Countless adventures. Happy Birthday @JustinBieber! Love you #23 #YearofJordan \u26f9\ud83c\udffc https\u2026
1488394018.27::happy bday babe @justinbieber
1488394018.27::@Nadia_f_ happy birthday have a wonderful God blessed day \ud83d\ude18\ud83d\udc90\ud83c\udf81\ud83c\udf89
1488394018.28::RT @marshmellomusic: Happy birthday brother @justinbieber https:\/\/t.co\/Xz5Z800CXm
1488394018.28::RT @madisonbeer: happy birthday to my favorite weirdo. thank you for not only being the best friend, but idol a girl could ask for :\u2026 
1488394018.29::@Mr_Premier happy birthday bro \ud83d\udcaa\ud83c\udffd miss boys
1488394018.29::Happy Gday Bleed @DWILDFROM1016
1488394018.3::RT @MarkAgee: I slowly reveal the banana in my pocket just to prove I'm in fact not happy to see you. You're so burned u have to quit our m\u2026
1488394018.3::HAPPY BIRTHDAY BABY I LOVE YOU @justinbieber
1488394018.31::RT @people: Is it too late now to say... happy birthday @justinbieber! \ud83c\udf89 https:\/\/t.co\/2feg1SBI0M
1488394018.77::RT @pantherrants: Happy Stache Wednesday everyone! https:\/\/t.co\/76R9oOQ2QE
1488394018.82::RT @theknocks: Happy bday to the guy @justinbieber - forever grateful for what he did for us this past year \u2764
1488394018.93::RT @Ioyalnigga: the SMALLLLLLLEST things make her happy, ya don't even know
1488394019.09::@ochocinco How happy would you be? https:\/\/t.co\/hH9JXFnPMJ","display_text_range":[0,34],"source":"\u003ca href=\"http:\/\/twitter.com\" rel=\"nofollow\"\u003eTwitter Web Client\u003c\/a\u003e","truncated":false,"in_reply_to_status_id":null,"in_reply_to_status_id_str":null,"in_reply_to_user_id":40519997,"in_reply_to_user_id_str":"40519997","in_reply_to_screen_name":"ochocinco","user":{"id":46272254,"id_str":"46272254","name":"Matt","screen_name":"Celtics59","location":"New Jersey","url":null,"description":"#Celtics #Devils #Mets #NotreDame fan. I am a big dog person I have a 7 year old #Boxer. Very proud Uncle!","protected":false,"verified":false,"followers_count":473,"friends_count":609,"listed_count":6,"favourites_count":1030,"statuses_count":3233,"created_at":"Thu Jun 11 00:47:18 +0000 2009","utc_offset":null,"time_zone":null,"geo_enabled":true,"lang":"en","contributors_enabled":false,"is_translator":false,"profile_background_color":"C0DEED","profile_background_image_url":"http:\/\/abs.twimg.com\/images\/themes\/theme1\/bg.png","profile_background_image_url_https":"https:\/\/abs.twimg.com\/images\/themes\/theme1\/bg.png","profile_background_tile":false,"profile_link_color":"1DA1F2","profile_sidebar_border_color":"C0DEED","profile_sidebar_fill_color":"DDEEF6","profile_text_color":"333333","profile_use_background_image":true,"profile_image_url":"http:\/\/pbs.twimg.com\/profile_images\/747929936032206853\/nBOkrDSI_normal.jpg","profile_image_url_https":"https:\/\/pbs.twimg.com\/profile_images\/747929936032206853\/nBOkrDSI_normal.jpg","profile_banner_url":"https:\/\/pbs.twimg.com\/profile_banners\/46272254\/1404442655","default_profile":true,"default_profile_image":false,"following":null,"follow_request_sent":null,"notifications":null},"geo":null,"coordinates":null,"place":null,"contributors":null,"quoted_status_id":837010805719719937,"quoted_status_id_str":"837010805719719937","quoted_status":{"created_at":"Wed Mar 01 18:45:01 +0000 2017","id":837010805719719937,"id_str":"837010805719719937"
1488394019.1::So proud of my baby \ud83d\ude0d\ud83d\ude0d\ud83d\ude0d https:\/\/t.co\/mY26EFLMRF","display_text_range":[0,23],"source":"\u003ca href=\"http:\/\/twitter.com\/download\/iphone\" rel=\"nofollow\"\u003eTwitter for iPhone\u003c\/a\u003e","truncated":false,"in_reply_to_status_id":null,"in_reply_to_status_id_str":null,"in_reply_to_user_id":null,"in_reply_to_user_id_str":null,"in_reply_to_screen_name":null,"user":{"id":2378863998,"id_str":"2378863998","name":"Brat","screen_name":"faithboyce123","location":null,"url":null,"description":null,"protected":false,"verified":false,"followers_count":607,"friends_count":396,"listed_count":3,"favourites_count":18578,"statuses_count":10495,"created_at":"Sat Mar 08 15:11:11 +0000 2014","utc_offset":null,"time_zone":null,"geo_enabled":true,"lang":"en","contributors_enabled":false,"is_translator":false,"profile_background_color":"C0DEED","profile_background_image_url":"http:\/\/abs.twimg.com\/images\/themes\/theme1\/bg.png","profile_background_image_url_https":"https:\/\/abs.twimg.com\/images\/themes\/theme1\/bg.png","profile_background_tile":false,"profile_link_color":"1DA1F2","profile_sidebar_border_color":"C0DEED","profile_sidebar_fill_color":"DDEEF6","profile_text_color":"333333","profile_use_background_image":true,"profile_image_url":"http:\/\/pbs.twimg.com\/profile_images\/836322124721709056\/WnyEviEg_normal.jpg","profile_image_url_https":"https:\/\/pbs.twimg.com\/profile_images\/836322124721709056\/WnyEviEg_normal.jpg","profile_banner_url":"https:\/\/pbs.twimg.com\/profile_banners\/2378863998\/1464187693","default_profile":true,"default_profile_image":false,"following":null,"follow_request_sent":null,"notifications":null},"geo":null,"coordinates":null,"place":null,"contributors":null,"quoted_status_id":837004831923585025,"quoted_status_id_str":"837004831923585025","quoted_status":{"created_at":"Wed Mar 01 18:21:17 +0000 2017","id":837004831923585025,"id_str":"837004831923585025"
1488394019.21::RT @kokokardash_: Happy Wednesday \ud83d\udc95 https:\/\/t.co\/4ujOF1UWft
1488394019.23::@Juiceman851 Happy birthday bro hope it's a good one \ud83d\udc46\ud83c\udffd
1488394019.33::RT @SB_Projects: Happy birthday @justinbieber! #JB23 https:\/\/t.co\/weZjgl5Dwp
1488394019.38::RT @jaysondmx: Tnx el. \u263a\n#ALDUB85thWeeksary https:\/\/t.co\/nmzfdsKKmg
1488394019.41::His voice fills so many of my childhood memories. Happy 1\ud83c\udf4f3 to Harry!!!!HolyCow \ud83d\udc04\ud83c\udf89 https:\/\/t.co\/K5y0KqvURW","display_text_range":[0,82],"source":"\u003ca href=\"http:\/\/twitter.com\/download\/iphone\" rel=\"nofollow\"\u003eTwitter for iPhone\u003c\/a\u003e","truncated":false,"in_reply_to_status_id":null,"in_reply_to_status_id_str":null,"in_reply_to_user_id":null,"in_reply_to_user_id_str":null,"in_reply_to_screen_name":null,"user":{"id":252311470,"id_str":"252311470","name":"Jill","screen_name":"JillDawsonJ","location":"Sweet Home Chicago","url":null,"description":"Medical Device Sales #Saluki alumni HUGE ChicagoSports Junkie #Blackhawks #Bears #Cubs \u26be Follow on Snapchat & Instagram @jilldawsonj","protected":false,"verified":false,"followers_count":4881,"friends_count":3764,"listed_count":122,"favourites_count":41334,"statuses_count":38976,"created_at":"Mon Feb 14 23:06:23 +0000 2011","utc_offset":-21600,"time_zone":"Central Time (US & Canada)","geo_enabled":true,"lang":"en","contributors_enabled":false,"is_translator":false,"profile_background_color":"131516","profile_background_image_url":"http:\/\/pbs.twimg.com\/profile_background_images\/576780761\/5s486gfs4nxbn5ht37lv.jpeg","profile_background_image_url_https":"https:\/\/pbs.twimg.com\/profile_background_images\/576780761\/5s486gfs4nxbn5ht37lv.jpeg","profile_background_tile":false,"profile_link_color":"000899","profile_sidebar_border_color":"EEEEEE","profile_sidebar_fill_color":"EFEFEF","profile_text_color":"333333","profile_use_background_image":true,"profile_image_url":"http:\/\/pbs.twimg.com\/profile_images\/823747194041798657\/R0FKNGvo_normal.jpg","profile_image_url_https":"https:\/\/pbs.twimg.com\/profile_images\/823747194041798657\/R0FKNGvo_normal.jpg","profile_banner_url":"https:\/\/pbs.twimg.com\/profile_banners\/252311470\/1487993066","default_profile":false,"default_profile_image":false,"following":null,"follow_request_sent":null,"notifications":null},"geo":null,"coordinates":null,"place":null,"contributors":null,"is_quote_status":false,"retweet_count":0,"favorite_count":0,"entities":{"hashtags":[],"urls":[],"user_mentions":[],"symbols":[],"media":[{"id":837011279189524480,"id_str":"837011279189524480","indices":[83,106],"media_url":"http:\/\/pbs.twimg.com\/media\/C52pUuEWQAA1Qxw.jpg","media_url_https":"https:\/\/pbs.twimg.com\/media\/C52pUuEWQAA1Qxw.jpg","url":"https:\/\/t.co\/K5y0KqvURW","display_url":"pic.twitter.com\/K5y0KqvURW","expanded_url":"https:\/\/twitter.com\/JillDawsonJ\/status\/837011285652951040\/photo\/1","type":"photo","sizes":{"thumb":{"w":150,"h":150,"resize":"crop"},"medium":{"w":564,"h":752,"resize":"fit"},"small":{"w":510,"h":680,"resize":"fit"},"large":{"w":564,"h":752,"resize":"fit"}}}]},"extended_entities":{"media":[{"id":837011279189524480,"id_str":"837011279189524480","indices":[83,106],"media_url":"http:\/\/pbs.twimg.com\/media\/C52pUuEWQAA1Qxw.jpg","media_url_https":"https:\/\/pbs.twimg.com\/media\/C52pUuEWQAA1Qxw.jpg","url":"https:\/\/t.co\/K5y0KqvURW","display_url":"pic.twitter.com\/K5y0KqvURW","expanded_url":"https:\/\/twitter.com\/JillDawsonJ\/status\/837011285652951040\/photo\/1","type":"photo","sizes":{"thumb":{"w":150,"h":150,"resize":"crop"},"medium":{"w":564,"h":752,"resize":"fit"},"small":{"w":510,"h":680,"resize":"fit"},"large":{"w":564,"h":752,"resize":"fit"}}}]},"favorited":false,"retweeted":false,"possibly_sensitive":false,"filter_level":"low","lang":"en","timestamp_ms":"1488394016074"}

1488394019.42::spring break, st patty's day, my bday, &amp; Derek's bday all happening this month!! happy March\ud83d\ude0d\ud83d\ude08\ud83c\udf89
1488394019.46::RT @allye_darnell: Happy birthday Ty-baby!! Thanks for making summer so fun! \u2764\ufe0f https:\/\/t.co\/YGOvvLbxAj
1488394019.51::@hayytiannaa HAPPY BIRTHDAY BABE\u2764\u2764\u2764\u2764\u2764
1488394019.52::RT @patticmallette: Happy Birthday Justin Bieber, Kidrauhl, Shawty Mane, Jason McCann, Memep, Doughboy and Derek Bieber \n\n#HappyBirthdayJus\u2026
1488394019.56::RT @madisonbeer: happy birthday to my favorite weirdo. thank you for not only being the best friend, but idol a girl could ask for :\u2026 
1488394019.58::Happy birthday @SeamusDuffy3 have a good one bro
1488394019.59::@justinbieber  happy birthday my dear! I lov u
1488394020.12::RT @RetrieversDaiIy: What A Happy Camper https:\/\/t.co\/h9qOz5Muyy
1488394023.77::RT @BenSasse: #GBR https:\/\/t.co\/vWe5LpsuSg
1488394023.88::RT @HildeKane: Happy #WalkerWednesday\ud83d\udc80 #TWD #TWDFamily\u2764 \n@vezzolini @Marecee64 @hughes6043 https:\/\/t.co\/DnvCwxVTaI
1488394024.1::happy bday laur!!! luv n miss u, have a good day \ud83d\udc93\ud83d\ude07\ud83d\ude1b @laurmuia https:\/\/t.co\/cktrMAbzua","display_text_range":[0,62],"source":"\u003ca href=\"http:\/\/twitter.com\/download\/iphone\" rel=\"nofollow\"\u003eTwitter for iPhone\u003c\/a\u003e","truncated":false,"in_reply_to_status_id":null,"in_reply_to_status_id_str":null,"in_reply_to_user_id":null,"in_reply_to_user_id_str":null,"in_reply_to_screen_name":null,"user":{"id":633133256,"id_str":"633133256","name":"emily sleurs","screen_name":"emilyyysleursss","location":null,"url":"http:\/\/emilyyysleursss.vsco.co","description":"uh huh honey","protected":false,"verified":false,"followers_count":1318,"friends_count":393,"listed_count":1,"favourites_count":16039,"statuses_count":4534,"created_at":"Wed Jul 11 18:58:48 +0000 2012","utc_offset":-25200,"time_zone":"Arizona","geo_enabled":true,"lang":"en","contributors_enabled":false,"is_translator":false,"profile_background_color":"000000","profile_background_image_url":"http:\/\/abs.twimg.com\/images\/themes\/theme1\/bg.png","profile_background_image_url_https":"https:\/\/abs.twimg.com\/images\/themes\/theme1\/bg.png","profile_background_tile":false,"profile_link_color":"F5ABB5","profile_sidebar_border_color":"000000","profile_sidebar_fill_color":"000000","profile_text_color":"000000","profile_use_background_image":false,"profile_image_url":"http:\/\/pbs.twimg.com\/profile_images\/836660724562821120\/qbgIXmTo_normal.jpg","profile_image_url_https":"https:\/\/pbs.twimg.com\/profile_images\/836660724562821120\/qbgIXmTo_normal.jpg","profile_banner_url":"https:\/\/pbs.twimg.com\/profile_banners\/633133256\/1483856938","default_profile":false,"default_profile_image":false,"following":null,"follow_request_sent":null,"notifications":null},"geo":null,"coordinates":null,"place":null,"contributors":null,"is_quote_status":false,"retweet_count":0,"favorite_count":0,"entities":{"hashtags":[],"urls":[],"user_mentions":[{"screen_name":"laurmuia","name":"Lauren","id":2613174940,"id_str":"2613174940","indices":[53,62]}],"symbols":[],"media":[{"id":837011254136999936,"id_str":"837011254136999936","indices":[63,86],"media_url":"http:\/\/pbs.twimg.com\/media\/C52pTQvXEAAEtDA.jpg","media_url_https":"https:\/\/pbs.twimg.com\/media\/C52pTQvXEAAEtDA.jpg","url":"https:\/\/t.co\/cktrMAbzua","display_url":"pic.twitter.com\/cktrMAbzua","expanded_url":"https:\/\/twitter.com\/emilyyysleursss\/status\/837011288685441024\/photo\/1","type":"photo","sizes":{"small":{"w":382,"h":680,"resize":"fit"},"thumb":{"w":150,"h":150,"resize":"crop"},"medium":{"w":675,"h":1200,"resize":"fit"},"large":{"w":750,"h":1334,"resize":"fit"}}}]},"extended_entities":{"media":[{"id":837011254136999936,"id_str":"837011254136999936","indices":[63,86],"media_url":"http:\/\/pbs.twimg.com\/media\/C52pTQvXEAAEtDA.jpg","media_url_https":"https:\/\/pbs.twimg.com\/media\/C52pTQvXEAAEtDA.jpg","url":"https:\/\/t.co\/cktrMAbzua","display_url":"pic.twitter.com\/cktrMAbzua","expanded_url":"https:\/\/twitter.com\/emilyyysleursss\/status\/837011288685441024\/photo\/1","type":"photo","sizes":{"small":{"w":382,"h":680,"resize":"fit"},"thumb":{"w":150,"h":150,"resize":"crop"},"medium":{"w":675,"h":1200,"resize":"fit"},"large":{"w":750,"h":1334,"resize":"fit"}}},{"id":837011254149529600,"id_str":"837011254149529600","indices":[63,86],"media_url":"http:\/\/pbs.twimg.com\/media\/C52pTQyWQAAkcAl.jpg","media_url_https":"https:\/\/pbs.twimg.com\/media\/C52pTQyWQAAkcAl.jpg","url":"https:\/\/t.co\/cktrMAbzua","display_url":"pic.twitter.com\/cktrMAbzua","expanded_url":"https:\/\/twitter.com\/emilyyysleursss\/status\/837011288685441024\/photo\/1","type":"photo","sizes":{"medium":{"w":900,"h":1200,"resize":"fit"},"thumb":{"w":150,"h":150,"resize":"crop"},"small":{"w":510,"h":680,"resize":"fit"},"large":{"w":1536,"h":2048,"resize":"fit"}}},{"id":837011254145347584,"id_str":"837011254145347584","indices":[63,86],"media_url":"http:\/\/pbs.twimg.com\/media\/C52pTQxWcAA-c-s.jpg","media_url_https":"https:\/\/pbs.twimg.com\/media\/C52pTQxWcAA-c-s.jpg","url":"https:\/\/t.co\/cktrMAbzua","display_url":"pic.twitter.com\/cktrMAbzua","expanded_url":"https:\/\/twitter.com\/emilyyysleursss\/status\/837011288685441024\/photo\/1","type":"photo","sizes":{"medium":{"w":1200,"h":675,"resize":"fit"},"thumb":{"w":150,"h":150,"resize":"crop"},"small":{"w":680,"h":382,"resize":"fit"},"large":{"w":1334,"h":750,"resize":"fit"}}},{"id":837011254157926400,"id_str":"837011254157926400","indices":[63,86],"media_url":"http:\/\/pbs.twimg.com\/media\/C52pTQ0WYAAZ0ZQ.jpg","media_url_https":"https:\/\/pbs.twimg.com\/media\/C52pTQ0WYAAZ0ZQ.jpg","url":"https:\/\/t.co\/cktrMAbzua","display_url":"pic.twitter.com\/cktrMAbzua","expanded_url":"https:\/\/twitter.com\/emilyyysleursss\/status\/837011288685441024\/photo\/1","type":"photo","sizes":{"medium":{"w":900,"h":1200,"resize":"fit"},"large":{"w":960,"h":1280,"resize":"fit"},"thumb":{"w":150,"h":150,"resize":"crop"},"small":{"w":510,"h":680,"resize":"fit"}}}]},"favorited":false,"retweeted":false,"possibly_sensitive":false,"filter_level":"low","lang":"en","timestamp_ms":"1488394016797"}

1488394024.27::RT @madisonbeer: happy birthday to my favorite weirdo. thank you for not only being the best friend, but idol a girl could ask for :\u2026 
1488394024.32::RT @HogwartsLogics: Happy birthday to James and Oliver Phelps, they played Fred and George Weasley in the movies. Mischief Managed! https:\/\u2026
1488394024.33::RT @scooterbraun: To another 23 years...keep shining  your light onto the world . #jb23 #mybrother happy birthday @justinbieber https:\/\/t.c\u2026
1488394024.34::RT @tedlieu: Don't be fooled: an expensive, wasteful &amp; stupid border wall with a happy face on it is still an expensive, wasteful and stupi\u2026
1488394024.35::RT @hellbentpod: Happy #WomensHistoryMonth! We LOVE this illustration by @KimothyJoy. https:\/\/t.co\/JGGsuVLrLM
1488394024.44::RT @Ioyalnigga: the SMALLLLLLLEST things make her happy, ya don't even know
1488394024.57::RT @KoinangeJeff: HAPPY to Join the WINNING Team!!...It's gonna be SMMMOKIN!!\n\n@xtiandela @HusseinMohamedg @OfficialJMbugua\u2026 
1488394024.88::RT @theknocks: Happy bday to the guy @justinbieber - forever grateful for what he did for us this past year \u2764
1488394024.89::happy birthday @BrettTontiger99 !!! i don't have any pics w you so here's a funny pic of ur sister \ud83d\ude04 https:\/\/t.co\/Ej1OD9F3MA","display_text_range":[0,100],"source":"\u003ca href=\"http:\/\/twitter.com\/download\/iphone\" rel=\"nofollow\"\u003eTwitter for iPhone\u003c\/a\u003e","truncated":false,"in_reply_to_status_id":null,"in_reply_to_status_id_str":null,"in_reply_to_user_id":null,"in_reply_to_user_id_str":null,"in_reply_to_screen_name":null,"user":{"id":1518104203,"id_str":"1518104203","name":"Haylee","screen_name":"_hayleeee19","location":"fhs '18","url":null,"description":"swim & volleyball \/\/ sc : hayleeee19","protected":false,"verified":false,"followers_count":637,"friends_count":379,"listed_count":1,"favourites_count":9047,"statuses_count":7462,"created_at":"Sat Jun 15 01:42:00 +0000 2013","utc_offset":null,"time_zone":null,"geo_enabled":true,"lang":"en","contributors_enabled":false,"is_translator":false,"profile_background_color":"C0DEED","profile_background_image_url":"http:\/\/abs.twimg.com\/images\/themes\/theme1\/bg.png","profile_background_image_url_https":"https:\/\/abs.twimg.com\/images\/themes\/theme1\/bg.png","profile_background_tile":false,"profile_link_color":"1DA1F2","profile_sidebar_border_color":"C0DEED","profile_sidebar_fill_color":"DDEEF6","profile_text_color":"333333","profile_use_background_image":true,"profile_image_url":"http:\/\/pbs.twimg.com\/profile_images\/834256981913387008\/tRZw-csH_normal.jpg","profile_image_url_https":"https:\/\/pbs.twimg.com\/profile_images\/834256981913387008\/tRZw-csH_normal.jpg","profile_banner_url":"https:\/\/pbs.twimg.com\/profile_banners\/1518104203\/1486951086","default_profile":true,"default_profile_image":false,"following":null,"follow_request_sent":null,"notifications":null},"geo":null,"coordinates":null,"place":null,"contributors":null,"is_quote_status":false,"retweet_count":0,"favorite_count":0,"entities":{"hashtags":[],"urls":[],"user_mentions":[{"screen_name":"BrettTontiger99","name":"B Toney","id":2256026737,"id_str":"2256026737","indices":[15,31]}],"symbols":[],"media":[{"id":837011276756721664,"id_str":"837011276756721664","indices":[101,124],"media_url":"http:\/\/pbs.twimg.com\/media\/C52pUlAUoAAD8yx.jpg","media_url_https":"https:\/\/pbs.twimg.com\/media\/C52pUlAUoAAD8yx.jpg","url":"https:\/\/t.co\/Ej1OD9F3MA","display_url":"pic.twitter.com\/Ej1OD9F3MA","expanded_url":"https:\/\/twitter.com\/_hayleeee19\/status\/837011291378110464\/photo\/1","type":"photo","sizes":{"small":{"w":382,"h":680,"resize":"fit"},"thumb":{"w":150,"h":150,"resize":"crop"},"medium":{"w":675,"h":1200,"resize":"fit"},"large":{"w":750,"h":1334,"resize":"fit"}}}]},"extended_entities":{"media":[{"id":837011276756721664,"id_str":"837011276756721664","indices":[101,124],"media_url":"http:\/\/pbs.twimg.com\/media\/C52pUlAUoAAD8yx.jpg","media_url_https":"https:\/\/pbs.twimg.com\/media\/C52pUlAUoAAD8yx.jpg","url":"https:\/\/t.co\/Ej1OD9F3MA","display_url":"pic.twitter.com\/Ej1OD9F3MA","expanded_url":"https:\/\/twitter.com\/_hayleeee19\/status\/837011291378110464\/photo\/1","type":"photo","sizes":{"small":{"w":382,"h":680,"resize":"fit"},"thumb":{"w":150,"h":150,"resize":"crop"},"medium":{"w":675,"h":1200,"resize":"fit"},"large":{"w":750,"h":1334,"resize":"fit"}}}]},"favorited":false,"retweeted":false,"possibly_sensitive":false,"filter_level":"low","lang":"en","timestamp_ms":"1488394017439"}

1488394024.9::RT @Joloboy25: HAPPY VALENTINES &lt;3 from Valentino \nIto gift nya ! ivah https:\/\/t.co\/du3foxeyp2
1488394024.91::RT @NDF_INTL_OFC: @NDF_INTL_USA @NDF_INTL_PASIG @NDF_INTL_JAPAN @NDF_INTL_MKT @ndfi_mindanao @NDF_INTL_Vis @iambmc happy birthday MEN\u2026 
1488394024.91::Happy World Compliment Day, Horse Protection Day, and Pig Day!
1488394024.92::RT @RNReserve: Happy #StDavidsDay to all our Welsh #Reservists and to their families, friends &amp; employers who support them. https:\/\/t.co\/7p\u2026
1488394024.93::RT @theknocks: Happy bday to the guy @justinbieber - forever grateful for what he did for us this past year \u2764
1488394024.93::RT @JustinChartStat: Retweet to wish an happy birthday to Justin Bieber \n#Beliebers #BestFanArmy #iHeartAwards
1488394024.94::RT @john_c_hart: Just a lil throwback that didn't make the slideshow @The_KingKumar happy birthday Saucewin brother https:\/\/t.co\/ptEA2xPDNX
1488394024.95::HAPPY BIRTHDAY AUNTIE \ud83d\ude18@Lexophile0301
1488394024.98::RT @TheTonyAwards: A very happy 90th birthday to #HarryBelafonte, a 1954 #TonyAward winner! https:\/\/t.co\/W5wPPt9A4k
1488394025.06::RT @RTNBA: Looks like he's happy about going back to GSW https:\/\/t.co\/5nupQHYRC4
1488394025.17::RT @YouTube: Dear @justinbieber,\n\nHave a happy birthday.\n\nLove, \nYouTube\n\nhttps:\/\/t.co\/Qww2jEEtpJ \n#HappyBirthdayJustinBieber https:\/\/t.co\/\u2026
1488394025.23::@justinbieber I love you, happy birthday bae, you're the best \ud83d\ude0d\ud83d\udc99\ud83d\ude2d x12
1488394025.25::This will make @SportsSturm happy https:\/\/t.co\/hxV8iZbjGX","display_text_range":[0,33],"source":"\u003ca href=\"http:\/\/twitter.com\/download\/iphone\" rel=\"nofollow\"\u003eTwitter for iPhone\u003c\/a\u003e","truncated":false,"in_reply_to_status_id":null,"in_reply_to_status_id_str":null,"in_reply_to_user_id":null,"in_reply_to_user_id_str":null,"in_reply_to_screen_name":null,"user":{"id":215492418,"id_str":"215492418","name":"Matt","screen_name":"canes76006","location":"your mom","url":"http:\/\/www.tshirtsunited.com","description":"Throwing beads at people since 2010. I got a DM from Mick Foley.","protected":false,"verified":false,"followers_count":201,"friends_count":418,"listed_count":11,"favourites_count":1320,"statuses_count":18523,"created_at":"Sun Nov 14 02:50:41 +0000 2010","utc_offset":null,"time_zone":null,"geo_enabled":false,"lang":"en","contributors_enabled":false,"is_translator":false,"profile_background_color":"C0DEED","profile_background_image_url":"http:\/\/abs.twimg.com\/images\/themes\/theme1\/bg.png","profile_background_image_url_https":"https:\/\/abs.twimg.com\/images\/themes\/theme1\/bg.png","profile_background_tile":false,"profile_link_color":"1DA1F2","profile_sidebar_border_color":"C0DEED","profile_sidebar_fill_color":"DDEEF6","profile_text_color":"333333","profile_use_background_image":true,"profile_image_url":"http:\/\/pbs.twimg.com\/profile_images\/812430162084167682\/WSkEq5J0_normal.jpg","profile_image_url_https":"https:\/\/pbs.twimg.com\/profile_images\/812430162084167682\/WSkEq5J0_normal.jpg","profile_banner_url":"https:\/\/pbs.twimg.com\/profile_banners\/215492418\/1373647558","default_profile":true,"default_profile_image":false,"following":null,"follow_request_sent":null,"notifications":null},"geo":null,"coordinates":null,"place":null,"contributors":null,"quoted_status_id":836939397010436097,"quoted_status_id_str":"836939397010436097","quoted_status":{"created_at":"Wed Mar 01 14:01:16 +0000 2017","id":836939397010436097,"id_str":"836939397010436097"
1488394025.35::RT @mefeater: Happy 34th Birthday to Lupita Nyong'o! https:\/\/t.co\/LK6NoC6jxi
1488394025.42::RT @YouTube: Dear @justinbieber,\n\nHave a happy birthday.\n\nLove, \nYouTube\n\nhttps:\/\/t.co\/Qww2jEEtpJ \n#HappyBirthdayJustinBieber https:\/\/t.co\/\u2026
1488394025.46::happy 16th to this cute lil chick i know! there's nothin i love more than your corny jokes at practice!! have a gr8\u2026 https:\/\/t.co\/SXs0bXVwsr","display_text_range":[0,140],"source":"\u003ca href=\"http:\/\/twitter.com\/download\/iphone\" rel=\"nofollow\"\u003eTwitter for iPhone\u003c\/a\u003e","truncated":true,"in_reply_to_status_id":null,"in_reply_to_status_id_str":null,"in_reply_to_user_id":null,"in_reply_to_user_id_str":null,"in_reply_to_screen_name":null,"user":{"id":3335432848,"id_str":"3335432848","name":"tswizzle","screen_name":"taylorswallowss","location":"Tennessee, USA","url":"http:\/\/vcso.co\/taylorswallows","description":"lover of Jesus and good music","protected":false,"verified":false,"followers_count":811,"friends_count":563,"listed_count":2,"favourites_count":2565,"statuses_count":1308,"created_at":"Fri Jun 19 19:25:46 +0000 2015","utc_offset":null,"time_zone":null,"geo_enabled":true,"lang":"en","contributors_enabled":false,"is_translator":false,"profile_background_color":"C0DEED","profile_background_image_url":"http:\/\/abs.twimg.com\/images\/themes\/theme1\/bg.png","profile_background_image_url_https":"https:\/\/abs.twimg.com\/images\/themes\/theme1\/bg.png","profile_background_tile":false,"profile_link_color":"1DA1F2","profile_sidebar_border_color":"C0DEED","profile_sidebar_fill_color":"DDEEF6","profile_text_color":"333333","profile_use_background_image":true,"profile_image_url":"http:\/\/pbs.twimg.com\/profile_images\/830662437196144640\/wnId_LB3_normal.jpg","profile_image_url_https":"https:\/\/pbs.twimg.com\/profile_images\/830662437196144640\/wnId_LB3_normal.jpg","profile_banner_url":"https:\/\/pbs.twimg.com\/profile_banners\/3335432848\/1487543480","default_profile":true,"default_profile_image":false,"following":null,"follow_request_sent":null,"notifications":null},"geo":null,"coordinates":null,"place":null,"contributors":null,"is_quote_status":false,"extended_tweet":{"full_text":"happy 16th to this cute lil chick i know! there's nothin i love more than your corny jokes at practice!! have a gr8 day hambone, love u \u2764\ufe0f\ud83c\udf1f https:\/\/t.co\/en5NbORA7K","display_text_range":[0,139],"entities":{"hashtags":[],"urls":[],"user_mentions":[],"symbols":[],"media":[{"id":837011282993696768,"id_str":"837011282993696768","indices":[140,163],"media_url":"http:\/\/pbs.twimg.com\/media\/C52pU8PVUAAOrbx.jpg","media_url_https":"https:\/\/pbs.twimg.com\/media\/C52pU8PVUAAOrbx.jpg","url":"https:\/\/t.co\/en5NbORA7K","display_url":"pic.twitter.com\/en5NbORA7K","expanded_url":"https:\/\/twitter.com\/taylorswallowss\/status\/837011291696947200\/photo\/1","type":"photo","sizes":{"thumb":{"w":150,"h":150,"resize":"crop"},"small":{"w":383,"h":680,"resize":"fit"},"large":{"w":1080,"h":1920,"resize":"fit"},"medium":{"w":675,"h":1200,"resize":"fit"}}},{"id":837011282989469696,"id_str":"837011282989469696","indices":[140,163],"media_url":"http:\/\/pbs.twimg.com\/media\/C52pU8OU0AA7oE_.jpg","media_url_https":"https:\/\/pbs.twimg.com\/media\/C52pU8OU0AA7oE_.jpg","url":"https:\/\/t.co\/en5NbORA7K","display_url":"pic.twitter.com\/en5NbORA7K","expanded_url":"https:\/\/twitter.com\/taylorswallowss\/status\/837011291696947200\/photo\/1","type":"photo","sizes":{"small":{"w":680,"h":383,"resize":"fit"},"medium":{"w":1136,"h":640,"resize":"fit"},"thumb":{"w":150,"h":150,"resize":"crop"},"large":{"w":1136,"h":640,"resize":"fit"}}}]},"extended_entities":{"media":[{"id":837011282993696768,"id_str":"837011282993696768","indices":[140,163],"media_url":"http:\/\/pbs.twimg.com\/media\/C52pU8PVUAAOrbx.jpg","media_url_https":"https:\/\/pbs.twimg.com\/media\/C52pU8PVUAAOrbx.jpg","url":"https:\/\/t.co\/en5NbORA7K","display_url":"pic.twitter.com\/en5NbORA7K","expanded_url":"https:\/\/twitter.com\/taylorswallowss\/status\/837011291696947200\/photo\/1","type":"photo","sizes":{"thumb":{"w":150,"h":150,"resize":"crop"},"small":{"w":383,"h":680,"resize":"fit"},"large":{"w":1080,"h":1920,"resize":"fit"},"medium":{"w":675,"h":1200,"resize":"fit"}}},{"id":837011282989469696,"id_str":"837011282989469696","indices":[140,163],"media_url":"http:\/\/pbs.twimg.com\/media\/C52pU8OU0AA7oE_.jpg","media_url_https":"https:\/\/pbs.twimg.com\/media\/C52pU8OU0AA7oE_.jpg","url":"https:\/\/t.co\/en5NbORA7K","display_url":"pic.twitter.com\/en5NbORA7K","expanded_url":"https:\/\/twitter.com\/taylorswallowss\/status\/837011291696947200\/photo\/1","type":"photo","sizes":{"small":{"w":680,"h":383,"resize":"fit"},"medium":{"w":1136,"h":640,"resize":"fit"},"thumb":{"w":150,"h":150,"resize":"crop"},"large":{"w":1136,"h":640,"resize":"fit"}}}]}},"retweet_count":0,"favorite_count":0,"entities":{"hashtags":[],"urls":[{"url":"https:\/\/t.co\/SXs0bXVwsr","expanded_url":"https:\/\/twitter.com\/i\/web\/status\/837011291696947200","display_url":"twitter.com\/i\/web\/status\/8\u2026","indices":[117,140]}],"user_mentions":[],"symbols":[]},"favorited":false,"retweeted":false,"possibly_sensitive":false,"filter_level":"low","lang":"en","timestamp_ms":"1488394017515"}

1488394025.51::RT @AlfredoFlores: Millions of miles. Countless adventures. Happy Birthday @JustinBieber! Love you #23 https:\/\/t.co\/orgSFeKaZe
1488394025.54::@thescript @n0goodingoodbye JUUUUL CONGRATULATIONS ITS AWESOME IN SO HAPPY FOR YOU","display_text_range":[28,82],"source":"\u003ca href=\"http:\/\/twitter.com\/download\/android\" rel=\"nofollow\"\u003eTwitter for Android\u003c\/a\u003e","truncated":false,"in_reply_to_status_id":836984631480086529,"in_reply_to_status_id_str":"836984631480086529","in_reply_to_user_id":14216203,"in_reply_to_user_id_str":"14216203","in_reply_to_screen_name":"thescript","user":{"id":1164130585,"id_str":"1164130585","name":"Cecyllia","screen_name":"cecyllia16","location":null,"url":null,"description":"hiiii","protected":false,"verified":false,"followers_count":259,"friends_count":479,"listed_count":4,"favourites_count":1680,"statuses_count":7046,"created_at":"Sat Feb 09 21:28:23 +0000 2013","utc_offset":3600,"time_zone":"Amsterdam","geo_enabled":true,"lang":"nl","contributors_enabled":false,"is_translator":false,"profile_background_color":"C0DEED","profile_background_image_url":"http:\/\/abs.twimg.com\/images\/themes\/theme1\/bg.png","profile_background_image_url_https":"https:\/\/abs.twimg.com\/images\/themes\/theme1\/bg.png","profile_background_tile":false,"profile_link_color":"1DA1F2","profile_sidebar_border_color":"C0DEED","profile_sidebar_fill_color":"DDEEF6","profile_text_color":"333333","profile_use_background_image":true,"profile_image_url":"http:\/\/pbs.twimg.com\/profile_images\/828606068926345218\/xAivCieT_normal.jpg","profile_image_url_https":"https:\/\/pbs.twimg.com\/profile_images\/828606068926345218\/xAivCieT_normal.jpg","profile_banner_url":"https:\/\/pbs.twimg.com\/profile_banners\/1164130585\/1360446294","default_profile":true,"default_profile_image":false,"following":null,"follow_request_sent":null,"notifications":null},"geo":null,"coordinates":null,"place":null,"contributors":null,"is_quote_status":false,"retweet_count":0,"favorite_count":0,"entities":{"hashtags":[],"urls":[],"user_mentions":[{"screen_name":"thescript","name":"the script","id":14216203,"id_str":"14216203","indices":[0,10]},{"screen_name":"n0goodingoodbye","name":"Julia","id":1610630227,"id_str":"1610630227","indices":[11,27]}],"symbols":[]},"favorited":false,"retweeted":false,"filter_level":"low","lang":"en","timestamp_ms":"1488394018086"}

1488394025.57::RT @JBCrewdotcom: Tammy Bieber via Instagram:\nHappy 23rd sweetie! \u2764\ufe0f\u2764\ufe0f#proudauntie #happybirthdayjustin https:\/\/t.co\/RN1No58Yxg
1488394025.69::RT @Theinstantpoet: @ymaescafe @BermoBeach @oceandrivewales @morwendonhouse @visitwales \nHappy St. David's Day! https:\/\/t.co\/72Zze8zn4t
1488394025.7::Kaepernick opted out!!!! I'm so happy. Yay 49ers
1488394025.86::RT @JBCrewdotcom: alfredoflores: Millions of miles. Countless adventures. Happy Birthday @JustinBieber! Love you #23 #YearofJordan \u26f9\ud83c\udffc https\u2026
1488394025.87::RT @GrantHamilton77: Happy birthday man, hope tech is good to you! @stephen_geisz https:\/\/t.co\/6qptyAMx81
1488394025.91::Keep your pets happy and healthy with these Pet Safety Tips! https:\/\/t.co\/EDa5xYLEfv","display_text_range":[0,60],"source":"\u003ca href=\"https:\/\/www.backatyou.com\" rel=\"nofollow\"\u003eBack At You Media\u003c\/a\u003e","truncated":false,"in_reply_to_status_id":null,"in_reply_to_status_id_str":null,"in_reply_to_user_id":null,"in_reply_to_user_id_str":null,"in_reply_to_screen_name":null,"user":{"id":23029446,"id_str":"23029446","name":"Jeff Dean","screen_name":"REMAXJDEAN","location":"Georgia, USA","url":"http:\/\/www.DinsmoreTeam.com","description":"Passionate for helping families find their dream home.","protected":false,"verified":false,"followers_count":18,"friends_count":54,"listed_count":0,"favourites_count":0,"statuses_count":149,"created_at":"Fri Mar 06 04:20:23 +0000 2009","utc_offset":-18000,"time_zone":"Eastern Time (US & Canada)","geo_enabled":false,"lang":"en","contributors_enabled":false,"is_translator":false,"profile_background_color":"0099B9","profile_background_image_url":"http:\/\/abs.twimg.com\/images\/themes\/theme4\/bg.gif","profile_background_image_url_https":"https:\/\/abs.twimg.com\/images\/themes\/theme4\/bg.gif","profile_background_tile":false,"profile_link_color":"0099B9","profile_sidebar_border_color":"5ED4DC","profile_sidebar_fill_color":"95E8EC","profile_text_color":"3C3940","profile_use_background_image":false,"profile_image_url":"http:\/\/pbs.twimg.com\/profile_images\/463846991911333888\/0VpwOuGT_normal.jpeg","profile_image_url_https":"https:\/\/pbs.twimg.com\/profile_images\/463846991911333888\/0VpwOuGT_normal.jpeg","default_profile":false,"default_profile_image":false,"following":null,"follow_request_sent":null,"notifications":null},"geo":null,"coordinates":null,"place":null,"contributors":null,"is_quote_status":false,"retweet_count":0,"favorite_count":0,"entities":{"hashtags":[],"urls":[],"user_mentions":[],"symbols":[],"media":[{"id":837011289914372096,"id_str":"837011289914372096","indices":[61,84],"media_url":"http:\/\/pbs.twimg.com\/media\/C52pVWBWcAA_VW7.png","media_url_https":"https:\/\/pbs.twimg.com\/media\/C52pVWBWcAA_VW7.png","url":"https:\/\/t.co\/EDa5xYLEfv","display_url":"pic.twitter.com\/EDa5xYLEfv","expanded_url":"https:\/\/twitter.com\/REMAXJDEAN\/status\/837011292003135488\/photo\/1","type":"photo","sizes":{"large":{"w":800,"h":800,"resize":"fit"},"thumb":{"w":150,"h":150,"resize":"crop"},"medium":{"w":800,"h":800,"resize":"fit"},"small":{"w":680,"h":680,"resize":"fit"}}}]},"extended_entities":{"media":[{"id":837011289914372096,"id_str":"837011289914372096","indices":[61,84],"media_url":"http:\/\/pbs.twimg.com\/media\/C52pVWBWcAA_VW7.png","media_url_https":"https:\/\/pbs.twimg.com\/media\/C52pVWBWcAA_VW7.png","url":"https:\/\/t.co\/EDa5xYLEfv","display_url":"pic.twitter.com\/EDa5xYLEfv","expanded_url":"https:\/\/twitter.com\/REMAXJDEAN\/status\/837011292003135488\/photo\/1","type":"photo","sizes":{"large":{"w":800,"h":800,"resize":"fit"},"thumb":{"w":150,"h":150,"resize":"crop"},"medium":{"w":800,"h":800,"resize":"fit"},"small":{"w":680,"h":680,"resize":"fit"}}}]},"favorited":false,"retweeted":false,"possibly_sensitive":false,"filter_level":"low","lang":"en","timestamp_ms":"1488394017588"}

1488394025.97::RT @AMAs: Throwing it back to @justinbieber's #AMAs debut in 2010. \ud83d\udc98\ud83c\udfc6 Happy birthday, JB! https:\/\/t.co\/cejR5nRJcz
1488394025.98::RT @HarryStyle4u: Do you ever just crave someone's presence? like you would literally be happy sitting next to them in silence.
1488394026.06::RT @maliagif: To be clear: They would not let him wrestle in the boys division and are now upset that he won the girls division t\u2026 
1488394026.11::Happy birthday to one of my favorite people and bagel buds @jakewestphoto \ud83e\udd17\ud83c\udf89
1488394026.19::RT @brainwavzz: A girl is happy.... https:\/\/t.co\/VbRqcOfckP
1488394026.21::RT @WWE: Happy Birthday to @WWE Hall of Famer @BookerT5x! Make sure to do your best #Spinarooni in his honor today!\u2026 
